무인교통단속카메라관리번호,소재지지번주소,위도,경도,,,,,,,,,,,
P-6905,경기도 고양시 일산동구 장항동 1492,37.6599314,126.7697312,,,,,,,,,,,
P-6906,경기도 고양시 일산동구 장항동 761-1,37.66183401,126.7675434,,,,,,,,,,,
P-6907,경기도 고양시 일산동구 장항동 744,37.66275748,126.7653413,,,,,,,,,,,
P-6908,경기도 고양시 일산동구 장항동 1496,37.6591437,126.7679438,,,,,,,,,,,
P-6909,경기도 고양시 일산동구 장항동 749,37.66266909,126.7639849,,,,,,,,,,,
P-6A02,경기도 고양시 일산동구 장항동 861-1,37.65728692,126.7709841,,,,,,,,,,,
P-7101,경기도 고양시 일산서구 일산동 957-3,37.68604095,126.7650032,,,,,,,,,,,
P-7102,경기도 고양시 일산서구 일산동 1385,37.67598184,126.7692268,,,,,,,,,,,
P-7103,경기도 고양시 일산서구 일산3동 1394,37.6780539,126.7669195,,,,,,,,,,,
P-7406,경기도 고양시 일산서구 탄현동 1519,37.69576734,126.7672056,,,,,,,,,,,
P-7502,경기도 고양시 일산서구 주엽동 18-2,37.671568,126.758974,,,,,,,,,,,
P-7503,경기도 고양시 일산서구 주엽동 123,37.668648,126.756469,,,,,,,,,,,
P-7703,경기도 고양시 일산서구 대화동 866,37.670238,126.7347591,,,,,,,,,,,
SP-5902,경기도 고양시 덕양구 고양동 235-9,37.70352605,126.9006293,,,,,,,,,,,
SP-6B02,경기도 고양시 일산동구 문봉동 203-6,37.7073788345,126.8123740876,,,,,,,,,,,
P-5101,경기도 고양시 덕양구 주교동 579,37.66070897,126.8353026,,,,,,,,,,,
P-5901,경기도 고양시 덕양구 고양동 126-5,37.7038162,126.9020028,,,,,,,,,,,
P-5C04,경기도 고양시 덕양구 화정동 871,37.64089349,126.8360183,,,,,,,,,,,
P-5C05,경기도 고양시 덕양구 화정동 918,37.64051723,126.8296499,,,,,,,,,,,
P-5C06,경기도 고양시 덕양구 화정동 1149,37.62939083,126.8333973,,,,,,,,,,,
P-5F02,경기도 고양시 덕양구 행신동 770,37.61517772,126.8382891,,,,,,,,,,,
P-6101,경기도 고양시 일산동구 식사동 산 122-25,37.6777634,126.812633,,,,,,,,,,,
P-6102,경기도 고양시 일산동구 식사동 916,37.66932912,126.8064009,,,,,,,,,,,
P-6103,경기도 고양시 일산동구 식사동 산 123,37.6768033,126.8143145,,,,,,,,,,,
P-6301,경기도 고양시 일산동구 정발산동 688,37.66801128,126.7738567,,,,,,,,,,,
P-6504,경기도 고양시 일산동구 백석동 1291,37.64500979,126.7867465,,,,,,,,,,,
P-6701,경기도 고양시 일산동구 마두동 730-1,37.65449803,126.7904202,,,,,,,,,,,
P-6702,경기도 고양시 일산동구 마두동 780,37.6546888,126.7844884,,,,,,,,,,,
P-6902,경기도 고양시 일산동구 장항동 772,37.660747,126.7710539,,,,,,,,,,,
P-6903,경기도 고양시 일산동구 장항동 733,37.66378321,126.7679191,,,,,,,,,,,
P-6904,경기도 고양시 일산동구 장항동 733-2,37.66349022,126.767458,,,,,,,,,,,
P-5C07,경기도 고양시 덕양구 화정동 1148-1,37.62753622,126.8289123,,,,,,,,,,,
P-5C08,경기도 고양시 덕양구 화정동 955,37.63746569,126.8322929,,,,,,,,,,,
P-5C09,경기도 고양시 덕양구 화정동 1098,37.6345517,126.83263,,,,,,,,,,,
P-5E01,경기도 고양시 덕양구 토당동 865,37.6202459,126.8242622,,,,,,,,,,,
P-5F01,경기도 고양시 덕양구 행신동 812,37.61213075,126.834189,,,,,,,,,,,
P-5F03,경기도 고양시 덕양구 행신동 789,37.61518264,126.8425938,,,,,,,,,,,
P-5F04,경기도 고양시 덕양구 행신동 1005,37.62414406,126.8312671,,,,,,,,,,,
P-6201,경기도 고양시 일산동구 중산동 1619,37.69041846,126.7828926,,,,,,,,,,,
P-6202,경기도 고양시 일산동구 중산동 1556,37.69611072,126.780004,,,,,,,,,,,
P-6501,경기도 고양시 일산동구 백석동 1330,37.63761157,126.78776,,,,,,,,,,,
P-6502,경기도 고양시 일산동구 백석동 1232,37.64547536,126.7930402,,,,,,,,,,,
P-6503,경기도 고양시 일산동구 백석동 1300,37.64039745,126.7908618,,,,,,,,,,,
P-6505,경기도 고양시 일산동구 백석동 1312,37.64053602,126.788331,,,,,,,,,,,
P-6520,경기도 고양시 일산동구 백석동 1308,37.64235547,126.7878825,,,,,,,,,,,
P-6521,경기도 고양시 일산동구 백석동 1312,37.64053602,126.788331,,,,,,,,,,,
P-6522,경기도 고양시 일산동구 백석동 1320-1,37.63880938,126.787585,,,,,,,,,,,
P-6601,경기도 고양시 일산동구 백석동 1326,37.64099411,126.78602,,,,,,,,,,,
P-6917,경기도 고양시 일산동구 장항동 752-1,37.65980545,126.7668076,,,,,,,,,,,
P-6918,경기도 고양시 일산동구 장항동 881,37.64937156,126.777064,,,,,,,,,,,
P-6919,경기도 고양시 일산동구 장항동 750-1,37.66146744,126.7651519,,,,,,,,,,,
P-6920,경기도 고양시 일산동구 장항동 748,37.66336347,126.7633513,,,,,,,,,,,
P-6921,경기도 고양시 일산동구 장항동 729,37.66533382,126.7665012,,,,,,,,,,,
P-6937,경기도 고양시 일산동구 장항동 777,37.66203341,126.7687417,,,,,,,,,,,
P-6938,경기도 고양시 일산동구 장항동 732,37.66377561,126.7670356,,,,,,,,,,,
P-6939,경기도 고양시 일산동구 장항동 1518,37.65819062,126.7675039,,,,,,,,,,,
P-6940,경기도 고양시 일산동구 장항동 743,37.66280502,126.7660486,,,,,,,,,,,
P-6948,경기도 고양시 일산동구 장항동 1811,37.66103564,126.7483496,,,,,,,,,,,
P-5410,경기도 고양시 덕양구 성사동 826,37.64905648,126.835368,,,,,,,,,,,
P-5411,경기도 고양시 덕양구 성사동 775,37.64905648,126.835368,,,,,,,,,,,
P-5412,경기도 고양시 덕양구 성사동 745-1,37.65100449,126.8358959,,,,,,,,,,,
P-5413,경기도 고양시 덕양구 성사동 408-1,37.65451104,126.8413606,,,,,,,,,,,
P-5905,경기도 고양시 덕양구 고양동 244-8,37.700421,126.9017312,,,,,,,,,,,
P-5906,경기도 고양시 덕양구 고양동 720,37.70978343,126.9041958,,,,,,,,,,,
P-5A02,경기도 고양시 덕양구 관산동 181-59,37.6888072,126.8655492,,,,,,,,,,,
P-5E03,경기도 고양시 덕양구 토당동 881-9,37.61961329,126.8274588,,,,,,,,,,,
P-5E04,경기도 고양시 덕양구 행주내동 127-13,37.6011325,126.8281006,,,,,,,,,,,
P-5F19,경기도 고양시 덕양구 행신동 696,37.6176977,126.83166,,,,,,,,,,,
P-5F20,경기도 고양시 덕양구 행신동 1038,37.62602785,126.8427278,,,,,,,,,,,
P-5F21,경기도 고양시 덕양구 행신동 171-2,37.61985584,126.844798,,,,,,,,,,,
P-6519,경기도 고양시 일산동구 백석동 1301,37.64022347,126.7904006,,,,,,,,,,,
P-7202,경기도 고양시 일산서구 일산동 541-5,37.68270348,126.775039,,,,,,,,,,,
P-7203,경기도 고양시 일산서구 일산동 576-19,37.68554622,126.7754563,,,,,,,,,,,
P-7301,경기도 고양시 일산서구 일산동 1065,37.67966421,126.7641513,,,,,,,,,,,
P-7412,경기도 고양시 일산서구 탄현동 1591-3,37.692509,126.7729957,,,,,,,,,,,
P-7413,경기도 고양시 일산서구 일산동 2103,37.68927735,126.7632955,,,,,,,,,,,
P-7601,경기도 고양시 일산서구 주엽동 30,37.6743262,126.7633742,,,,,,,,,,,
P-7803,경기도 고양시 일산서구 대화동 1979-1,37.66846943,126.732143,,,,,,,,,,,
SP-5A12,경기도 고양시 덕양구 관산동 179-5,37.6881163,126.8654713,,,,,,,,,,,
SP-5C22,경기도 고양시 덕양구 화정동 867,37.6410022,126.8295758,,,,,,,,,,,
P-5102,경기도 고양시 덕양구 주교동 609-10,37.65575198,126.8337819,,,,,,,,,,,
P-5C01,경기도 고양시 덕양구 화정동 982,37.63294847,126.8311242,,,,,,,,,,,
P-5C02,경기도 고양시 덕양구 화정동948,37.63156883,126.8267438,,,,,,,,,,,
P-5C03,경기도 고양시 덕양구 화정동 694-2,37.6429407,126.8303505,,,,,,,,,,,
P-5409,경기도 고양시 덕양구 주교동 610-4,37.65600851,126.8351442,,,,,,,,,,,
P-5C14,경기도 고양시 덕양구 화정동 952,37.63150598,126.8288031,,,,,,,,,,,
P-5C15,경기도 고양시 덕양구 화정동 986-9,37.630828,126.8331031,,,,,,,,,,,
P-5C16,경기도 고양시 덕양구 화정동 986-6,37.63150654,126.8333494,,,,,,,,,,,
P-5C17,경기도 고양시 덕양구 화정동 955,37.63746569,126.8322929,,,,,,,,,,,
P-5E02,경기도 고양시 덕양구 토당동 394-3,37.62396116,126.8255017,,,,,,,,,,,
P-5F09,경기도 고양시 덕양구 행신동 714,37.6152571,126.8337105,,,,,,,,,,,
P-5F10,경기도 고양시 덕양구 행신동 619-18,37.61932536,126.8323429,,,,,,,,,,,
P-5F11,경기도 고양시 덕양구 화정동 1135,37.62652449,126.8331225,,,,,,,,,,,
P-5F12,경기도 고양시 덕양구 행신동 761-6,37.6143559,126.8344469,,,,,,,,,,,
P-5F13,경기도 고양시 덕양구 행신동 994,37.62262717,126.8362391,,,,,,,,,,,
P-5F14,경기도 고양시 덕양구 행신동 858,37.6154013,126.8392496,,,,,,,,,,,
P-5F15,경기도 고양시 덕양구 행신동 835,37.61547623,126.831772,,,,,,,,,,,
P-6302,경기도 고양시 일산동구 정발산동 1486,37.67398095,126.776748,,,,,,,,,,,
P-6303,경기도 고양시 일산동구 정발산동 1486,37.67398095,126.776748,,,,,,,,,,,
P-6712,경기도 고양시 일산동구 마두동 778,37.654588,126.7896544,,,,,,,,,,,
P-6713,경기도 고양시 일산동구 마두동723,37.65762,126.7885932,,,,,,,,,,,
P-6714,경기도 고양시 일산동구 마두동 772,37.65287639,126.7793701,,,,,,,,,,,
P-6913,경기도 고양시 일산동구 장항동 857,37.65826719,126.7726593,,,,,,,,,,,
P-6914,경기도 고양시 일산동구 장항동 867,37.65589641,126.7720388,,,,,,,,,,,
P-6931,경기도 고양시 일산동구 장항동1504,37.65733038,126.7716654,,,,,,,,,,,
P-6932,경기도 고양시 일산동구 장항동 859-1,37.6569282,126.7718487,,,,,,,,,,,
P-6A01,경기도 고양시 일산동구 장항동 853,37.6555821,126.7741236,,,,,,,,,,,
P-7106,경기도 고양시 일산서구 일산동 1394,37.67804508,126.7666019,,,,,,,,,,,
P-7107,경기도 고양시 일산서구 일산동 622-11,37.68435662,126.769564,,,,,,,,,,,
P-7108,경기도 고양시 일산서구 일산동 633,37.68433082,126.7719844,,,,,,,,,,,
P-5K16,경기도 고양시 덕양구 향동동 595번지 향기로 교차지점,37.60779641,126.8932758,,,,,,,,,,,
P-5K19,경기도 고양시 덕양구 향동동 5-8,37.6098169506,126.8930176174,,,,,,,,,,,
P-6115,경기도 고양시 일산동구 식사동 577-102,37.6691177377,126.8111323213,,,,,,,,,,,
P-6116,경기도 고양시 일산동구 식사동 1507 블루밍 아파트 앞,37.68222005,126.8109873,,,,,,,,,,,
P-6533,경기도 고양시 일산동구 백석동 1299-1,37.6398429374,126.7910053531,,,,,,,,,,,
P-5L05,경기도 고양시 덕양구 지축동 496-30,37.6483763152,126.9187282,,,,,,,,,,,
P-5L06,경기도 고양시 덕양구 지축동 573-3,37.6545178319,126.9208006,,,,,,,,,,,
P-5L12,경기도 고양시 덕양구 지축동 508,37.650057,126.9177813060,,,,,,,,,,,
P-6113,경기도 고양시 일산동구 식사동 621-10,37.6712067,126.8099394,,,,,,,,,,,
P-6114,경기도 고양시 일산동구 식사동 856-29,37.67177853,126.8075595,,,,,,,,,,,
P-6B03,경기도 고양시 일산동구 사리현동 117-1,37.6948190719,126.8443253331,,,,,,,,,,,
P-7116,경기도 고양시 일산서구 일산동 655-499,37.6827456644,126.7703450720,,,,,,,,,,,
P-7117,경기도 고양시 일산서구 일산동 625-6,37.6844886788,126.7705956744,,,,,,,,,,,
P-7118,경기도 고양시 일산서구 일산동 625-6,37.6844886788,126.7705956744,,,,,,,,,,,
P-7A01,경기도 고양시 일산서구 덕이동 산 138-4,37.6958138301,126.7529464358,,,,,,,,,,,
SP-5L01,경기도 고양시 덕양구 지축동 608-1,37.6532962158,126.9152802568,,,,,,,,,,,
SP-6166,경기도 고양시 일산동구 식사동 633-2,37.67216343,126.8126834229,,,,,,,,,,,
SP-7324,경기도 고양시 일산서구 일산동 955-84 (한뫼초 부근),37.6861851665,126.7670321288,,,,,,,,,,,
P-5331,경기도 고양시 덕양구 원흥동 632,37.6487154596,126.8734377557,,,,,,,,,,,
P-5725,경기도 고양시 덕양구 오금동 696,37.6621732376,126.9118663418,,,,,,,,,,,
P-5730,경기도 고양시 덕양구 삼송동 378,37.6433968690,126.8760396776,,,,,,,,,,,
P-5731,경기도 고양시 덕양구 삼송동 136-28,37.65244235,126.8899694,,,,,,,,,,,
P-5733,경기도 고양시 덕양구 신원동 680-4,37.6626254584,126.8912195052,,,,,,,,,,,
P-5E09,경기도 고양시 덕양구 토당동 280-22,37.624999,126.8162083188,,,,,,,,,,,
P-5F31,경기도 고양시 덕양구 행신동 873 (고양여성회관앞 삼거리),37.61723396,126.8358094110,,,,,,,,,,,
P-5J01,경기도 고양시 덕양구 덕은동 413-8,37.58113656,126.8643458,,,,,,,,,,,
P-5J02,경기도 고양시 덕양구 덕은동 455,37.5806835032,126.8680722366,,,,,,,,,,,
P-5J03,경기도 고양시 덕양구 덕은동 434-1,37.5799082034,126.8634438263,,,,,,,,,,,
P-5J04,경기도 고양시 덕양구 덕은동 335-1,37.5826235122,126.8691161597,,,,,,,,,,,
P-5K15,경기도 고양시 덕양구 향동동 595-1번지 향동로 교차지점,37.60683452,126.8925468,,,,,,,,,,,
P-5408,경기도 고양시 덕양구 성사동 710,37.6553636,126.8386348,,,,,,,,,,,
P-5407,경기도 고양시 덕양구 성사동 744-1,37.65401188,126.8377356397,,,,,,,,,,,
SP-6722,경기도 고양시 일산동구 마두동 830,37.66672298,126.7856589,,,,,,,,,,,
SP-6723,경기도 고양시 일산동구 마두동 808 (한국경진학교),37.6653521213,126.7821081372,,,,,,,,,,,
P-5201,경기도 고양시 덕양구 신원동 655,37.66377452,126.8855432,,,,,,,,,,,
P-5202,경기도 고양시 덕양구 신원동 628,37.66345578,126.8907852,,,,,,,,,,,
P-5203,경기도 고양시 덕양구 신원동 674,37.66519238,126.8870232,,,,,,,,,,,
P-5204,경기도 고양시 덕양구 신원동 630-2,37.66248741,126.8928508,,,,,,,,,,,
P-5205,경기도 고양시 덕양구 신원동 633,37.6618645,126.890319,,,,,,,,,,,
P-5206,경기도 고양시 덕양구 신원동 601,37.66780558,126.8858833,,,,,,,,,,,
P-5301,경기도 고양시 덕양구 원흥동 630,37.64861609,126.8765457,,,,,,,,,,,
P-5302,경기도 고양시 덕양구 원흥동 689-7,37.64852804,126.8757597,,,,,,,,,,,
P-5303,경기도 고양시 덕양구 도내동 1089,37.62897318,126.8685348,,,,,,,,,,,
P-5304,경기도 고양시 덕양구 도내동 958,37.63486423,126.8712752,,,,,,,,,,,
SP-5A13,경기도 고양시 덕양구 관산동 108-6,37.691228,126.8663759,,,,,,,,,,,
SP-5B08,경기도 고양시 덕양구 토당동 296-7,37.624111,126.8173027,,,,,,,,,,,
SP-5C20,경기도 고양시 덕양구 화정동 860,37.64537919,126.8327254,,,,,,,,,,,
SP-5D16,경기도 고양시 덕양구 화정동 987,37.63140093,126.8343647,,,,,,,,,,,
SP-5E21,경기도 고양시 덕양구 토당동 407-13,37.61795244,126.8268864,,,,,,,,,,,
SP-5E42,경기도 고양시 덕양구 토당동 840-3,37.62647417,126.82341,,,,,,,,,,,
SP-5G17,경기도 고양시 덕양구 행신동 780,37.61754278,126.8395857,,,,,,,,,,,
SP-6114,경기도 고양시 일산동구 식사동 668-21,37.6769175,126.8108599,,,,,,,,,,,
SP-6302,경기도 고양시 일산동구 정발산동 1117,37.6754219,126.7788532,,,,,,,,,,,
SP-6328,경기도 고양시 일산동구 정발산동 1117,37.67544394,126.7788445,,,,,,,,,,,
SP-6421,경기도 고양시 일산동구 풍동 1284,37.66687039,126.7967057,,,,,,,,,,,
SP-6605,경기도 고양시 일산동구 백석동 1427-6,37.6443158,126.7821002,,,,,,,,,,,
P-7719,경기도 고양시 일산서구 대화동 2606-1,37.66383701,126.7556101,,,,,,,,,,,
P-7720,경기도 고양시 일산서구 대화동 2606-2,37.66325155,126.7560541,,,,,,,,,,,
SP-5305,경기도 고양시 일산서구 성사동 488-63,37.6575377,126.8431049,,,,,,,,,,,
SP-5506,경기도 고양시 덕양구 성사동 732 (성라초교 후문 삼거리 태영상가 앞),37.6527901787,126.8338442719,,,,,,,,,,,
SP-5H26,경기도 고양시 덕양구 행신동 1013,37.62419885,126.8324049,,,,,,,,,,,
SP-6418,경기도 고양시 일산동구 풍동 551-57 (풍산초교 두산위브2단지 203동 앞),37.66536295,126.7970102,,,,,,,,,,,
SP-6515,경기도 고양시 일산동구 백석동 1188,37.6521391747,126.7890576663,,,,,,,,,,,
SP-6516,경기도 고양시 일산동구 백석동 1192,37.6496009979,126.7843119243,,,,,,,,,,,
P-5907,경기도 고양시 덕양구 고양동 4-9,37.7076007,126.9022181,,,,,,,,,,,
P-5908,경기도 고양시 덕양구 고양동 721,37.70890581,126.9028871,,,,,,,,,,,
P-5909,경기도 고양시 덕양구 고양동 713,37.7107294,126.904777,,,,,,,,,,,
P-5910,경기도 고양시 덕양구 고양동 614,37.7123873,126.9078954,,,,,,,,,,,
P-5911,경기도 고양시 덕양구 고양동 577,37.71009733,126.9059544,,,,,,,,,,,
P-5C21,경기도 고양시 덕양구 화정동 985,37.63095824,126.8317291,,,,,,,,,,,
P-6211,경기도 고양시 일산동구 중산동 1651,37.68298713,126.7792441,,,,,,,,,,,
P-7415,경기도 고양시 일산서구 탄현동 1634-3,37.7023617,126.7670127,,,,,,,,,,,
P-7710,경기도 고양시 일산서구 대화동 2219-2,37.67614509,126.7461437,,,,,,,,,,,
P-7711,경기도 고양시 일산서구 대화동 2238,37.67447522,126.7481578,,,,,,,,,,,
P-7724,경기도 고양시 일산서구 대화동 2723,37.66121186,126.7420964,,,,,,,,,,,
P-7725,경기도 고양시 일산서구 대화동 2723,37.66121186,126.7420964,,,,,,,,,,,
P-7726,경기도 고양시 일산서구 대화동 2723,37.66121186,126.7420964,,,,,,,,,,,
P-7732,경기도 고양시 일산서구 대화동 2202-2,37.67582142,126.749069,,,,,,,,,,,
SP-5306,경기도 고양시 일산서구 도내동 432-2,37.6306192,126.8690581,,,,,,,,,,,
SP-5501,경기도 고양시 덕양구 성사동 736,37.6518049,126.8330094,,,,,,,,,,,
SP-5801,경기도 고양시 덕양구 용두동 19-4,37.62066183,126.893737,,,,,,,,,,,
SP-5918,경기도 고양시 덕양구 고양동 1130,37.71471075,126.9031188,,,,,,,,,,,
P-7716,경기도 고양시 일산서구 대화동2606,37.6645541,126.7545266,,,,,,,,,,,
P-7717,경기도 고양시 일산서구 대화동2606,37.6645541,126.7545266,,,,,,,,,,,
P-7718,경기도 고양시 일산서구 대화동2606,37.6645541,126.7545266,,,,,,,,,,,
P-7723,경기도 고양시 일산서구 대화동 2247,37.673603,126.7503729,,,,,,,,,,,
P-7730,경기도 고양시 일산서구 대화동 2306-2,37.671585,126.7451536,,,,,,,,,,,
SP-5D07,경기도 고양시 덕양구 화정동 1000-4,37.6301041,126.8319078,,,,,,,,,,,
SP-5F10,경기도 고양시 덕양구 행신동 983-1,37.62194692,126.8364546,,,,,,,,,,,
SP-5H18,경기도 고양시 덕양구 행신동 1082-2,37.6184404581,126.8455462975,,,,,,,,,,,
SP-6218,경기도 고양시 일산동구 중산동 1554-1,37.69613944,126.7826205,,,,,,,,,,,
SP-6219,경기도 고양시 일산동구 중산동 1575-3,37.6904444829,126.7835570669,,,,,,,,,,,
SP-7724,경기도 고양시 일산서구 대화동 2006 (성저초교),37.6847450160,126.7573646902,,,,,,,,,,,
P-5C20,경기도 고양시 덕양구 화정동 1008,37.6287047,126.829842,,,,,,,,,,,
P-6205,경기도 고양시 일산동구 중산동 1805,37.67517615,126.7850915,,,,,,,,,,,
P-6206,경기도 고양시 일산동구 중산동 1811,37.6743685,126.7876817,,,,,,,,,,,
P-6207,경기도 고양시 일산동구 중산동 1814,37.6745176,126.7877961,,,,,,,,,,,
P-6210,경기도 고양시 일산동구 중산동 1662,37.6845076,126.7779843,,,,,,,,,,,
P-6901,경기도 고양시 일산동구 장항동 892,37.65257831,126.7763845,,,,,,,,,,,
P-7201,경기도 고양시 일산서구 일산동 1686,37.68398264,126.7765762,,,,,,,,,,,
P-7402,경기도 고양시 일산서구 탄현동 1648,37.69596307,126.7643494,,,,,,,,,,,
P-7403,경기도 고양시 일산서구 탄현동 1647,37.69535208,126.7613691,,,,,,,,,,,
P-7404,경기도 고양시 일산서구 탄현동 289-5,37.69466765,126.7612533,,,,,,,,,,,
P-7405,경기도 고양시 일산서구 탄현동 1564,37.69226626,126.762328,,,,,,,,,,,
P-7706,경기도 고양시 일산서구 대화동 2602,37.66799365,126.7516307,,,,,,,,,,,
P-7707,경기도 고양시 일산서구 대화동 2602-2,37.66718203,126.7510935,,,,,,,,,,,
P-7708,경기도 고양시 일산서구 대화동 1050-171,37.66727315,126.7536584,,,,,,,,,,,
P-7709,경기도 고양시 일산서구 대화동 1050-171,37.667203,126.7536584,,,,,,,,,,,
P-5C19,경기도 고양시 덕양구 화정동 967-1,37.63580649,126.8325115,,,,,,,,,,,
P-5F17,경기도 고양시 덕양구 행신동 796,37.6170162,126.8456988,,,,,,,,,,,
P-5F18,경기도 고양시 덕양구 행신동 1005,37.62414406,126.8312671,,,,,,,,,,,
P-6104,경기도 고양시 일산동구 식사동 807-4,37.6768453,126.8072744,,,,,,,,,,,
P-6934,경기도 고양시 일산동구 장항동 1509,37.65643322,126.7692391,,,,,,,,,,,
P-7111,경기도 고양시 일산서구 일산동 655-454,37.68431707,126.7683986,,,,,,,,,,,
P-7523,경기도 고양시 일산서구 주엽동 14,37.67502151,126.7554509,,,,,,,,,,,
P-7524,경기도 고양시 일산서구 주엽동 138,37.67254415,126.7540063,,,,,,,,,,,
P-7727,경기도 고양시 일산서구 대화동 2607-2,37.66672585,126.7464595,,,,,,,,,,,
P-7728,경기도 고양시 일산서구 대화동 2607,37.66624826,126.7459032,,,,,,,,,,,
P-7729,경기도 고양시 일산서구 대화동 2607,37.66624826,126.7459032,,,,,,,,,,,
SP-5E11,경기도 고양시 덕양구 행주내동 99 (삼거리),37.5997952172,126.8270319987,,,,,,,,,,,
P-5F16,경기도 고양시 덕양구 행신동 820,37.61857392,126.8290928,,,,,,,,,,,
P-6203,경기도 고양시 일산동구 중산동 1775,37.6800552,126.7845522,,,,,,,,,,,
P-6204,경기도 고양시 일산동구 중산동 1775,37.6800552,126.7845522,,,,,,,,,,,
P-6208,경기도 고양시 일산동구 중산동 1573,37.69254797,126.7822753,,,,,,,,,,,
P-6209,경기도 고양시 일산동구 중산동 1570,37.69312805,126.7810036,,,,,,,,,,,
P-6403,경기도 고양시 일산동구 풍동1275,37.66774328,126.8003849,,,,,,,,,,,
P-6517,경기도 고양시 일산동구 백석동 1223,37.6498208,126.7859323,,,,,,,,,,,
P-6518,경기도 고양시 일산동구 백석동 1230,37.64890093,126.7937315,,,,,,,,,,,
P-6935,경기도 고양시 일산동구 장항동 866,37.65614811,126.7694718,,,,,,,,,,,
P-7104,경기도 고양시 일산서구 일산동 1410,37.6816646,126.7696775,,,,,,,,,,,
P-7105,경기도 고양시 일산서구 일산동1719,37.69186175,126.7739233,,,,,,,,,,,
P-7410,경기도 고양시 일산서구 탄현동133,37.699238,126.765393,,,,,,,,,,,
P-7411,경기도 고양시 일산서구 탄현동 1650,37.70374149,126.7665005,,,,,,,,,,,
P-7522,경기도 고양시 일산서구 주엽동 86,37.66634901,126.765318,,,,,,,,,,,
P-7112,경기도 고양시 일산서구 탄현동 1570,37.6895093,126.7614653,,,,,,,,,,,
P-7302,경기도 고양시 일산서구 일산동 1079,37.6780171,126.7678043,,,,,,,,,,,
P-7303,경기도 고양시 일산서구 일산동 1083,37.67705135,126.768589,,,,,,,,,,,
P-7304,경기도 고양시 일산서구 일산동 1061-5,37.67829162,126.7657124,,,,,,,,,,,
P-7305,경기도 고양시 일산서구 일산동 1064,37.67917243,126.7652641,,,,,,,,,,,
P-7306,경기도 고양시 일산서구 일산동 1059,37.67913091,126.76374,,,,,,,,,,,
P-7414,경기도 고양시 일산서구 탄현동 1528,37.69304019,126.7698538,,,,,,,,,,,
P-5403,경기도 고양시 덕양구 성사동 704-3,37.65443101,126.8379509,,,,,,,,,,,
P-5404,경기도 고양시 덕양구 주교동 621-3,37.65895418,126.8385361,,,,,,,,,,,
P-5405,경기도 고양시 덕양구 성사동 696,37.65704766,126.8371258,,,,,,,,,,,
P-5C18,경기도 고양시 덕양구 화정동 1131,37.62780292,126.8348014,,,,,,,,,,,
P-7517,경기도 고양시 일산서구 주엽동 17,37.67241665,126.757552,,,,,,,,,,,
P-7518,경기도 고양시 일산서구 주엽동 101,37.66848587,126.7620854,,,,,,,,,,,
P-7519,경기도 고양시 일산서구 주엽동 75,37.66781012,126.76666,,,,,,,,,,,
P-7520,경기도 고양시 일산서구 주엽동 73,37.66834954,126.765681,,,,,,,,,,,
P-7521,경기도 고양시 일산서구 주엽동 65,37.67037914,126.7645758,,,,,,,,,,,
P-7705,경기도 고양시 일산서구 대화동 2502,37.67626111,126.7477259,,,,,,,,,,,
P-7712,경기도 고양시 일산서구 대화동 2502,37.67626111,126.7477259,,,,,,,,,,,
P-7713,경기도 고양시 일산서구 대화동 2199-1,37.67546915,126.7510752,,,,,,,,,,,
P-7714,경기도 고양시 일산서구 대화동 2199-2,37.67531456,126.7506561,,,,,,,,,,,
P-7715,경기도 고양시 일산서구 대화동 2209,37.67703358,126.7486426,,,,,,,,,,,
P-5103,경기도 고양시 덕양구 주교동 604,37.6584435510,126.8303520080,,,,,,,,,,,
P-5104,경기도 고양시 덕양구 주교동 615-6,37.6569478,126.8360807,,,,,,,,,,,
P-5105,경기도 고양시 덕양구 주교동 602,37.65742726,126.8320356181,,,,,,,,,,,
P-5106,경기도 고양시 덕양구 주교동 601-5,37.65720837,126.8333665,,,,,,,,,,,
P-5107,경기도 고양시 덕양구 주교동 636,37.65707891,126.8310497,,,,,,,,,,,
P-5401,경기도 고양시 덕양구 성사동 725,37.65317373,126.8371413,,,,,,,,,,,
P-5402,경기도 고양시 덕양구 성사동 698-2,37.6560876,126.8366574,,,,,,,,,,,
P-5902,경기도 고양시 덕양구 고양동 205,37.7019125,126.9019543,,,,,,,,,,,
P-5903,경기도 고양시 덕양구 고양동 120-1,37.70442715,126.9019008,,,,,,,,,,,
P-5A01,경기도 고양시 덕양구 관산동 231-1,37.6882542,126.8642099,,,,,,,,,,,
P-5C10,경기도 고양시 덕양구 화정동 969,37.63519647,126.8314074,,,,,,,,,,,
P-5C11,경기도 고양시 덕양구 화정동 974,37.63418945,126.8337042,,,,,,,,,,,
P-5C12,경기도 고양시 덕양구 화정동 1112,37.63245137,126.833917,,,,,,,,,,,
P-5C13,경기도 고양시 덕양구 화정동 984,37.63197574,126.8307283,,,,,,,,,,,
P-6703,경기도 고양시 일산동구 마두동 752,37.657316,126.7879446,,,,,,,,,,,
P-6915,경기도 고양시 일산동구 장항동 854-1,37.65597375,126.7732253,,,,,,,,,,,
P-5904,경기도 고양시 덕양구 고양동 174-1,37.7065647,126.9029104,,,,,,,,,,,
P-6706,경기도 고양시 일산동구 마두동 806,37.6501177,126.780266,,,,,,,,,,,
P-6707,경기도 고양시 일산동구 마두동 798-1,37.65379375,126.7772054,,,,,,,,,,,
P-6708,경기도 고양시 일산동구 마두동 796,37.65472123,126.777715,,,,,,,,,,,
P-6709,경기도 고양시 일산동구 마두동 764,37.65497765,126.7768273,,,,,,,,,,,
P-6710,경기도 고양시 일산동구 마두동 766,37.65110685,126.779061,,,,,,,,,,,
P-6711,경기도 고양시 일산동구 마두동 767,37.65163869,126.778283,,,,,,,,,,,
P-6922,경기도 고양시 일산동구 장항동 890-6,37.65279267,126.7768245,,,,,,,,,,,
P-6923,경기도 고양시 일산동구 장항동 1359,37.65306115,126.7763496,,,,,,,,,,,
P-6924,경기도 고양시 일산동구 장항동 766,37.66048016,126.7695882,,,,,,,,,,,
P-6925,경기도 고양시 일산동구 장항동 776,37.66223116,126.7697466,,,,,,,,,,,
P-6926,경기도 고양시 일산동구 장항동 896,37.651002,126.7778794,,,,,,,,,,,
P-6927,경기도 고양시 일산동구 장항동 902,37.64876569,126.7797261,,,,,,,,,,,
P-6928,경기도 고양시 일산동구 장항동 784,37.66047176,126.77219,,,,,,,,,,,
P-6929,경기도 고양시 일산동구 장항동 848,37.65708551,126.7741374,,,,,,,,,,,
P-6930,경기도 고양시 일산동구 장항동854,37.65618367,126.7737861,,,,,,,,,,,
P-7505,경기도 고양시 일산서구 주엽동 136,37.67181676,126.7561586,,,,,,,,,,,
P-7506,경기도 고양시 일산서구 주엽동 177,37.66945332,126.7605174,,,,,,,,,,,
P-7507,경기도 고양시 일산서구 주엽동 15,37.67365818,126.7546409,,,,,,,,,,,
P-7508,경기도 고양시 일산서구 주엽1동 83,37.668134,126.764835,,,,,,,,,,,
P-7509,경기도 고양시 일산서구 주엽동 81,37.66712434,126.7654716,,,,,,,,,,,
P-7510,경기도 고양시 일산서구 주엽동 166-14,37.670222,126.7605258,,,,,,,,,,,
P-7511,경기도 고양시 일산서구 주엽동 166-12,37.66961155,126.7620567,,,,,,,,,,,
P-7512,경기도 고양시 일산서구 주엽동 71-1,37.66991537,126.7626724,,,,,,,,,,,
P-7513,경기도 고양시 일산서구 주엽동 21-2,37.67103363,126.7601599,,,,,,,,,,,
P-7514,경기도 고양시 일산서구 주엽동 166,37.67038555,126.7612207,,,,,,,,,,,
P-7515,경기도 고양시 일산서구 주엽동 136,37.67184,126.7561586,,,,,,,,,,,
P-7516,경기도 고양시 일산서구 주엽동 155,37.67102367,126.7616017,,,,,,,,,,,
P-5F08,경기도 고양시 덕양구 행신동 1019-7,37.61892968,126.8434517,,,,,,,,,,,
P-6506,경기도 고양시 일산동구 백석동 1335-2,37.64475821,126.7844524,,,,,,,,,,,
P-6507,경기도 고양시 일산동구 백석동 1555,37.64443716,126.7881722,,,,,,,,,,,
P-6508,경기도 고양시 일산동구 백석동 1549,37.64593607,126.786114,,,,,,,,,,,
P-6509,경기도 고양시 일산동구 백석동1283-2,37.64410892,126.7888149,,,,,,,,,,,
P-6510,경기도 고양시 일산동구 백석동 1301,37.64022347,126.7904027,,,,,,,,,,,
P-6511,경기도 고양시 일산동구 백석동 1538-3,37.644168,126.7868232,,,,,,,,,,,
P-6512,경기도 고양시 일산동구 백석동 1308,37.64235547,126.7878825,,,,,,,,,,,
P-6513,경기도 고양시 일산동구 백석동 1332-1,37.64369384,126.7864664,,,,,,,,,,,
P-6514,경기도 고양시 일산동구 백석동 1351,37.64714556,126.7814285,,,,,,,,,,,
P-6515,경기도 고양시 일산동구 백석동 1194,37.64808817,126.782283,,,,,,,,,,,
P-6516,경기도 고양시 일산동구 백석동 1193,37.648426,126.7832692,,,,,,,,,,,
P-6704,경기도 고양시 일산동구 마두동 768,37.65248368,126.7777453,,,,,,,,,,,
P-6705,경기도 고양시 일산동구 마두동 800,37.653285,126.7780762,,,,,,,,,,,
P-6910,경기도 고양시 일산동구 장항동 742,37.66220284,126.7664303,,,,,,,,,,,
P-6911,경기도 고양시 일산동구 장항동 755,37.65904068,126.768858,,,,,,,,,,,
P-6912,경기도 고양시 일산동구 장항동 1498,37.65909191,126.7703142,,,,,,,,,,,
P-6916,경기도 고양시 일산동구 장항동 870,37.65419398,126.7730657,,,,,,,,,,,
P-7401,경기도 고양시 일산서구 탄현동 1483,37.6951347,126.7666945,,,,,,,,,,,
P-7501,경기도 고양시 일산서구 주엽동 144,37.67662084,126.7617477,,,,,,,,,,,
P-7504,경기도 고양시 일산서구 주엽동 169,37.66676679,126.7622528,,,,,,,,,,,
P-7701,경기도 고양시 일산서구 대화동 2527,37.67232332,126.7490188,,,,,,,,,,,
P-7702,경기도 고양시 일산서구 대화동 2308-5,37.66812839,126.7391886,,,,,,,,,,,
P-7801,경기도 고양시 일산서구 가좌동 360-1,37.68540455,126.7220093,,,,,,,,,,,
P-7802,경기도 고양시 일산서구 가좌동 391-1,37.6859254,126.7201958,,,,,,,,,,,
P-7901,경기도 고양시 일산서구 덕이동 1542,37.69901904,126.7532118,,,,,,,,,,,
P-7902,경기도 고양시 일산서구 덕이동 1534,37.7005083,126.755669,,,,,,,,,,,
P-7903,경기도 고양시 일산서구 덕이동 산 143-12,37.6988163,126.7534465,,,,,,,,,,,
P-7904,경기도 고양시 일산서구 덕이동 1544,37.69906825,126.7539684,,,,,,,,,,,
P-7905,경기도 고양시 일산서구 덕이동 373-16,37.69906918,126.7580312,,,,,,,,,,,
SP-5I02,경기도 고양시 덕양구 화전동 275,37.6039882,126.8708884,,,,,,,,,,,
SP-6129,경기도 고양시 일산동구 식사동 산122-15,37.6776685,126.8127751,,,,,,,,,,,
SP-6203,경기도 고양시 일산동구 중산동 1799,37.6773590161,126.7898583474,,,,,,,,,,,
SP-6404,경기도 고양시 일산동구 풍동 1223,37.6727987892,126.7957982267,,,,,,,,,,,
SP-6405,경기도 고양시 일산동구 풍산동 1277,37.6677484,126.8019997,,,,,,,,,,,
SP-7901,경기도 고양시 일산서구 가좌동 413-15,37.6877617,126.7188729,,,,,,,,,,,
P-6946,경기도 고양시 일산동구 장항동 1077-3,37.6616325,126.7568265,,,,,,,,,,,
SP-5113,경기도 고양시 일산서구 주교동 571-8,37.6618772,126.8361703,,,,,,,,,,,
SP-5H21,경기도 고양시 덕양구 행신동 960,37.62278436,126.8430715,,,,,,,,,,,
P-5F05,경기도 고양시 덕양구 행신동 1022,37.62250483,126.834781,,,,,,,,,,,
P-5F06,경기도 고양시 덕양구 행신동 1019,37.62323185,126.8359651,,,,,,,,,,,
P-5F07,경기도 고양시 덕양구 행신동 950-2,37.62330562,126.8365121,,,,,,,,,,,
P-6531,경기도 고양시 일산동구 백석동 1538,37.64316083,126.7881716,,,,,,,,,,,
P-6532,경기도 고양시 일산동구 백석동 1542 윈스턴파크 1~2차,37.64500596,126.7915813,,,,,,,,,,,
P-6718,경기도 고양시 일산동구 마두동 1109,37.66515333,126.7835571,,,,,,,,,,,
P-7805,경기도 고양시 일산서구 덕이동 350-1 백송초등학교 정문 앞 도로,37.70209207,126.7529974,,,,,,,,,,,
P-7806,경기도 고양시 일산서구 가좌동 1095 가좌마을 56단지 사이 사거리,37.68935259,126.720864,,,,,,,,,,,
SP-5718,경기도 고양시 덕양구 오금동 704,37.660116,126.9046228,,,,,,,,,,,
P-5330,경기도 고양시 덕양구 원흥동 331-2,37.6367401032,126.8696848066,,,,,,,,,,,
P-5332,경기도 고양시 덕양구 원흥동 620-1,37.6512119,126.8698786494,,,,,,,,,,,
P-5723,경기도 고양시 덕양구 오금동 12,37.6673546,126.9215883,,,,,,,,,,,
P-5724,경기도 고양시 덕양구 오금동 709-1,37.6672405,126.9205753,,,,,,,,,,,
P-5726,경기도 고양시 덕양구 오금동 702 라피아노 23단지 삼거리,37.66643302,126.9137273,,,,,,,,,,,
P-5727,경기도 고양시 덕양구 오금동 702 라피아노 23단지 218동 앞,37.66491787,126.9132083,,,,,,,,,,,
P-5728,경기도 고양시 덕양구 오금동 696 하나님의 교회앞 삼거리,37.66236966,126.9134652,,,,,,,,,,,
P-5729,경기도 고양시 덕양구 오금동 696 라피아노 1단지입구 101동 앞,37.66261237,126.9152714,,,,,,,,,,,
P-5811,경기도 고양시 덕양구 동산동 175-24,37.6444105668,126.8924009851,,,,,,,,,,,
P-5919,경기도 고양시 덕양구 고양동 723-1,37.7137650363,126.9067839494,,,,,,,,,,,
P-5E07,경기도 고양시 덕양구 행주내동 316-2,37.6017401896,126.8289595,,,,,,,,,,,
P-5E08,경기도 고양시 덕양구 토당동 282-16,37.6251347770,126.8178004574,,,,,,,,,,,
P-5K10,경기도 고양시 덕양구 향동동 617,37.599999,126.89322,,,,,,,,,,,
P-5K11,경기도 고양시 덕양구 향동동 617-1,37.600744,126.89298,,,,,,,,,,,
P-5K12,경기도 고양시 덕양구 향동동 608-1,37.6018,126.892418,,,,,,,,,,,
P-5K13,경기도 고양시 덕양구 향동동 611,37.60073,126.89177,,,,,,,,,,,
P-5K14,경기도 고양시 덕양구 향동동 616,37.59926,126.89113,,,,,,,,,,,
P-5L01,경기도 고양시 덕양구 지축동 681-34,37.6488028376,126.9140472,,,,,,,,,,,
P-5L02,경기도 고양시 덕양구 지축동 496-107,37.6493875,126.9162099437,,,,,,,,,,,
P-5L03,경기도 고양시 덕양구 지축동 496-35,37.6488570029,126.9176086653,,,,,,,,,,,
P-5L04,경기도 고양시 덕양구 지축동 476-35,37.6480751,126.9165019696,,,,,,,,,,,
P-5326,경기도 고양시 덕양구 원흥동 687,37.64938193,126.8708677,,,,,,,,,,,
P-5327,경기도 고양시 덕양구 도내동 962,37.63539174,126.8712017,,,,,,,,,,,
P-5328,경기도 고양시 덕양구 도내동 963,37.63490373,126.8705862,,,,,,,,,,,
P-5329,경기도 고양시 덕양구 도내동 1009,37.6310528075,126.8693957002,,,,,,,,,,,
P-5415,경기도 고양시 덕양구 성사동 348-2,37.65467445,126.8354281,,,,,,,,,,,
P-5416,경기도 고양시 덕양구 성사동 394-4,37.65342332,126.8420455,,,,,,,,,,,
P-5712,경기도 고양시 덕양구 오금동 696,37.6621732376,126.9118663418,,,,,,,,,,,
P-5713,경기도 고양시 덕양구 오금동 668-1,37.660116,126.9046227,,,,,,,,,,,
P-5714,경기도 고양시 덕양구 오금동 696,37.6621732376,126.9118663418,,,,,,,,,,,
P-5715,경기도 고양시 덕양구 오금동 668-2,37.660116,126.9046228,,,,,,,,,,,
P-5716,경기도 고양시 덕양구 오금동 696,37.6621732376,126.9118663418,,,,,,,,,,,
P-5717,경기도 고양시 덕양구 오금동 705,37.6621668,126.9024464,,,,,,,,,,,
P-5718,경기도 고양시 덕양구 오금동 591번지 오금3로 교차지점 삼거리,37.66125802,126.9016746,,,,,,,,,,,
P-5719,경기도 고양시 덕양구 오금동 632번지 우미라피아노 601동 앞,37.66064969,126.9042875,,,,,,,,,,,
P-5720,경기도 고양시 덕양구 오금동 703번지 오금3교 사거리,37.65938143,126.9009525,,,,,,,,,,,
P-5721,경기도 고양시 덕양구 오금동 704번지 우미라피아노 102동 앞,37.6587097,126.903733,,,,,,,,,,,
P-5722,경기도 고양시 덕양구 삼송동 294-2 스칸센 안쪽 삼거리,37.65240366,126.9018765,,,,,,,,,,,
P-5F28,경기도 고양시 덕양구 행신동 711,37.61427645,126.8325305,,,,,,,,,,,
P-5F29,경기도 고양시 덕양구 행신동 617-56 행신SK3차 정문 인근 삼거리,37.62047846,126.8311594,,,,,,,,,,,
P-5F30,경기도 고양시 덕양구 행신동 1032 햇빛마을 2310동 앞,37.62341654,126.8376246,,,,,,,,,,,
P-5K06,경기도 고양시 덕양구 향동동 533,37.6030078,126.8904247,,,,,,,,,,,
P-5K07,경기도 고양시 덕양구 향동동 510,37.6030078,126.8904247,,,,,,,,,,,
P-5K08,경기도 고양시 덕양구 향동동 558,37.65254367,126.9183169,,,,,,,,,,,
P-5K09,경기도 고양시 덕양구 향동동 624 1~2단지 사이 삼거리,37.59368154,126.8910143,,,,,,,,,,,
P-5L11,경기도 고양시 덕양구 지축동 768-5 스칸센 입구 삼거리,37.65348327,126.9023326,,,,,,,,,,,
P-6305,경기도 고양시 일산동구 정발산동 1553 올바른개성손만두 앞,37.66991703,126.7745102,,,,,,,,,,,
P-6404,경기도 고양시 일산동구 풍동 113-7,37.66403192,126.8067366,,,,,,,,,,,
P-5C26,경기도 고양시 덕양구 화정동 1154,37.62781042,126.8318596,,,,,,,,,,,
P-5C27,경기도 고양시 덕양구 행신동 1027,37.62465791,126.8354272,,,,,,,,,,,
P-5F25,경기도 고양시 덕양구 행신동 762-5,37.61313786,126.8344814032,,,,,,,,,,,
P-5F26,경기도 고양시 덕양구 행신동 621-12,37.6194805,126.8326654,,,,,,,,,,,
P-5F27,경기도 고양시 덕양구 행신동 999,37.62377059,126.834331,,,,,,,,,,,
P-5H02,경기도 고양시 덕양구 행신동 1118,37.62086743,126.8464246,,,,,,,,,,,
P-5I01,경기도 고양시 덕양구 향동동 269-3,37.5939015,126.889059,,,,,,,,,,,
P-5L10,경기도 고양시 덕양구 향동동 620,37.65254367,126.9183169,,,,,,,,,,,
P-6108,경기도 고양시 일산동구 식사동 657-69,37.6748516,126.809977,,,,,,,,,,,
P-6109,경기도 고양시 일산동구 식사동 849-1,37.67453335,126.8078503,,,,,,,,,,,
P-6110,경기도 고양시 일산동구 식사동 산106-1,37.67313945,126.8117373,,,,,,,,,,,
P-6111,경기도 고양시 일산동구 식사동 525-30,37.67316617,126.8101413,,,,,,,,,,,
P-6112,경기도 고양시 일산동구 식사동 1585,37.67397705,126.8081935,,,,,,,,,,,
P-6215,경기도 고양시 일산동구 중산동 1771,37.68154293,126.7868187,,,,,,,,,,,
P-6401,경기도 고양시 일산동구 풍동 150-5,37.66331165,126.8041346,,,,,,,,,,,
P-6402,경기도 고양시 일산동구 풍동 1289,37.66396547,126.7985046,,,,,,,,,,,
P-6530,경기도 고양시 일산동구 백석 1동 1368,37.64801608,126.787427,,,,,,,,,,,
P-6953,경기도 고양시 일산동구 장항동 908-3,37.65644203,126.7612441,,,,,,,,,,,
P-6954,경기도 고양시 일산동구 장항2동 1499,37.6571234,126.77103,,,,,,,,,,,
P-7115,경기도 고양시 일산서구 산동 2147-3,37.68418429,126.7672103,,,,,,,,,,,
P-7309,경기도 고양시 일산서구 일산동 1398,37.67927551,126.7655105,,,,,,,,,,,
P-7310,경기도 고양시 일산서구 일산동 1387,37.67707023,126.768045,,,,,,,,,,,
P-7526,경기도 고양시 일산서구 주엽동 173,37.66929417,126.7616676,,,,,,,,,,,
P-7527,경기도 고양시 일산서구 주엽동 113,37.67022537,126.7591005,,,,,,,,,,,
P-7745,경기도 고양시 일산서구 대화동 2288-7,37.66957161,126.7509003,,,,,,,,,,,
P-7746,경기도 고양시 일산서구 대화동 2307-15,37.66829395,126.7484978,,,,,,,,,,,
SP-7775,경기도 고양시 일산서구 대화동 2376,37.6845396320,126.7561595403,,,,,,,,,,,
P-6952,경기도 고양시 일산동구 장항동 892,37.65257831,126.776303,,,,,,,,,,,
P-6A03,경기도 고양시 일산동구 장항동 1484,37.660562,126.7665918,,,,,,,,,,,
P-6B01,경기도 고양시 일산동구 설문동 589-23,37.725822,126.795759,,,,,,,,,,,
P-7114,경기도 고양시 일산서구 일산동 1940,37.6895941,126.7736011,,,,,,,,,,,
P-7739,경기도 고양시 일산서구 대화동 2603,37.66585766,126.7510974,,,,,,,,,,,
P-7740,경기도 고양시 일산서구 대화동 2603-2,37.66585766,126.7510974,,,,,,,,,,,
P-7741,경기도 고양시 일산서구 대화동 1099-7,37.6651343,126.7479285,,,,,,,,,,,
P-7742,경기도 고양시 일산서구 대화동 2734,37.66213291,126.7404425,,,,,,,,,,,
P-7743,경기도 고양시 일산서구 대화동 2321,37.67791456,126.745242,,,,,,,,,,,
P-7744,경기도 고양시 일산서구 대화동 2321,37.67791456,126.745242,,,,,,,,,,,
SP-6A21,경기도 고양시 일산동구 백석동 1467,37.6464763532,126.7789728154,,,,,,,,,,,
SP-7747,경기도 고양시 일산서구 대화동 2403,37.6811174001,126.7533126584,,,,,,,,,,,
SP-7753,"경기도 고양시 일산서구 대화동 2220-1 (대화역 버스 정류장, 킨텍스방향, 2번출구 쪽)",37.6759526389,126.7470216027,,,,,,,,,,,
P-5108,경기도 고양시 덕양구 주교동 142-4,37.65702436,126.8339188,,,,,,,,,,,
P-5319,경기도 고양시 덕양구 도내동 973,37.6339394,126.8731555,,,,,,,,,,,
P-5320,경기도 고양시 덕양구 도내동 976,37.6340025,126.8724457,,,,,,,,,,,
P-5321,경기도 고양시 덕양구 원흥동 690-2,37.65076024,126.8763858527,,,,,,,,,,,
P-5322,경기도 고양시 덕양구 원흥동 690,37.6513214,126.8747733,,,,,,,,,,,
P-5323,경기도 고양시 덕양구 원흥동 756,37.63667241,126.8735635,,,,,,,,,,,
P-5325,경기도 고양시 덕양구 원흥동 689-10,37.64789742,126.8750271,,,,,,,,,,,
P-5601,경기도 고양시 덕양구 지축동 625-4,37.65277802,126.9119175,,,,,,,,,,,
P-5602,경기도 고양시 덕양구 삼송동 61-80,37.65449123,126.8961982,,,,,,,,,,,
P-5709,경기도 고양시 덕양구 삼송동 16-3,37.65210744,126.8979391,,,,,,,,,,,
P-5710,경기도 고양시 덕양구 삼송동 288-143,37.65364551,126.9004368,,,,,,,,,,,
P-5711,경기도 고양시 덕양구 삼송동 313-7,37.6508532644,126.8890067534,,,,,,,,,,,
P-5810,경기도 고양시 덕양구 동산동 44-9,37.64670659,126.8987169,,,,,,,,,,,
SP-7314,경기도 고양시 일산서구 일산동 1079-5 일산동학원가1,37.6777739,126.7688051,,,,,,,,,,,
SP-7518,경기도 고양시 일산서구 주엽동 71,37.670002,126.7624059,,,,,,,,,,,
SP-7739,경기도 고양시 일산서구 대화동 2204,37.6764365,126.7476728,,,,,,,,,,,
SP-7811,경기도 고양시 일산서구 대화동 882 한내초등학교,37.66816425,126.736525,,,,,,,,,,,
SP-7814,경기도 고양시 일산서구 대화동 768-3,37.6709043,126.7355148,,,,,,,,,,,
SP-7964,경기도 고양시 일산서구 가좌동 461-27,37.69152921,126.7227194,,,,,,,,,,,
P-5317,경기도 고양시 덕양구 원흥동 709-1,37.63826335,126.8744173,,,,,,,,,,,
P-5318,경기도 고양시 덕양구 원흥동 621,37.6508458,126.8697923,,,,,,,,,,,
P-5414,경기도 고양시 덕양구 성사동 708,37.6555077520,126.8350934272,,,,,,,,,,,
P-5708,경기도 고양시 덕양구 삼송동 18-5,37.6533019557,126.8961314941,,,,,,,,,,,
P-5809,경기도 고양시 덕양구 동산동 397,37.64966544,126.8934545,,,,,,,,,,,
P-5F24,경기도 고양시 덕양구 행신동 706-1,37.61306759,126.8328424,,,,,,,,,,,
P-5H01,경기도 고양시 덕양구 행신동 1079-1,37.61866031,126.8463855,,,,,,,,,,,
P-5K01,경기도 고양시 덕양구 향동동 42-1,37.6070694,126.8944319,,,,,,,,,,,
P-5K02,경기도 고양시 덕양구 향동동 89-1,37.60323529,126.8964426,,,,,,,,,,,
P-5K03,경기도 고양시 덕양구 향동동 197,37.59972365,126.8934977,,,,,,,,,,,
P-5K04,경기도 고양시 덕양구 향동동 236-46,37.5950122,126.8920129,,,,,,,,,,,
P-5K05,경기도 고양시 덕양구 향동동 140-1,37.6008389,126.8906643,,,,,,,,,,,
P-6105,경기도 고양시 일산동구 식사동 909-3,37.66844147,126.8056473,,,,,,,,,,,
P-6106,경기도 고양시 일산동구 식사동 300-40,37.6853248,126.8140759,,,,,,,,,,,
P-6107,경기도 고양시 일산동구 식사동 644-5,37.6756803,126.8138837,,,,,,,,,,,
P-6214,경기도 고양시 일산동구 중산동 1674,37.6849255,126.7811032,,,,,,,,,,,
P-6529,경기도 고양시 일산동구 백석동 1363,37.64683241,126.7856893,,,,,,,,,,,
P-6715,경기도 고양시 일산동구 마두동 1005,37.65706315,126.7765922,,,,,,,,,,,
P-6716,경기도 고양시 일산동구 마두동 803,37.65190106,126.7787837,,,,,,,,,,,
P-6717,경기도 고양시 일산동구 마두동 1116,37.65766732,126.7888527,,,,,,,,,,,
P-6951,경기도 고양시 일산동구 장항동 1807,37.660196,126.7560428,,,,,,,,,,,
P-5807,경기도 고양시 덕양구 동산동 369,37.6490641128,126.8969750224,,,,,,,,,,,
P-5808,경기도 고양시 덕양구 동산동 369,37.6490641128,126.8969750224,,,,,,,,,,,
P-5C25,경기도 고양시 덕양구 화정동 970-5,37.63354313,126.8314389,,,,,,,,,,,
P-5F22,경기도 고양시 덕양구 행신동 769,37.61471012,126.8360123,,,,,,,,,,,
P-5F23,경기도 고양시 덕양구 행신동 945-1,37.6243429,126.8358167,,,,,,,,,,,
P-6212,경기도 고양시 일산동구 중산동 1710,37.6806519,126.78789,,,,,,,,,,,
P-6213,경기도 고양시 일산동구 중산동 1836-2,37.67773403,126.782128,,,,,,,,,,,
P-6221,경기도 고양시 일산동구 중산동 1810,37.67462523,126.7862482,,,,,,,,,,,
P-6304,경기도 고양시 일산동구 정발산동 1144,37.67396644,126.7751333,,,,,,,,,,,
P-6528,경기도 고양시 일산동구 백석동 1331-1,37.64296933,126.7867956,,,,,,,,,,,
P-6949,경기도 고양시 일산동구 장항동 1763-1,37.65899407,126.7598933,,,,,,,,,,,
P-6950,경기도 고양시 일산동구 장항동 1808,37.6603173,126.7561933,,,,,,,,,,,
P-7307,경기도 고양시 일산서구 일산동 1046,37.6822697,126.7650289,,,,,,,,,,,
P-7308,경기도 고양시 일산서구 일산동 1055,37.68071447,126.7593748,,,,,,,,,,,
P-7416,경기도 고양시 일산서구 탄현동 1559-6,37.69144994,126.7617185,,,,,,,,,,,
P-7417,경기도 고양시 일산서구 탄현동 1561,37.69092311,126.7618797,,,,,,,,,,,
P-7418,경기도 고양시 일산서구 탄현동 산 1-13,37.705377,126.766583,,,,,,,,,,,
P-7737,경기도 고양시 일산서구 대화동 1224,37.663013,126.746426,,,,,,,,,,,
P-7738,경기도 고양시 일산서구 대화동 2702,37.66337154,126.7457977,,,,,,,,,,,
SP-5824,경기도 고양시 덕양구 도내동 1119-3,37.6252911,126.8728624,,,,,,,,,,,
SP-5825,경기도 고양시 덕양구 용두동 318,37.6207553,126.8928865,,,,,,,,,,,
SP-5E57,경기도 고양시 덕양구 행주내동 720,37.6030059378,126.8256828773,,,,,,,,,,,
SP-5F19,경기도 고양시 덕양구 행신동 983-1,37.62194692,126.8364546,,,,,,,,,,,
SP-5H47,경기도 고양시 덕양구 행신동 1100,37.61364691,126.8494391,,,,,,,,,,,
SP-6433,경기도 고양시 일산동구 풍동 1279-4,37.66734493,126.7997142,,,,,,,,,,,
SP-7227,경기도 고양시 일산서구 일산동 586,37.68824583,126.7731068,,,,,,,,,,,
SP-7228,경기도 고양시 일산서구 일산동 590-1,37.6873103,126.7719702,,,,,,,,,,,
P-5E05,경기도 고양시 덕양구 토당동 855-7,37.62021237,126.820942,,,,,,,,,,,
P-5E06,경기도 고양시 덕양구 토당동 866-3,37.6184732,126.8242569,,,,,,,,,,,
P-6941,경기도 고양시 일산동구 장항동 853,37.6555821,126.7741236,,,,,,,,,,,
P-6942,경기도 고양시 일산동구 장항동 1088,37.6612809,126.7560344,,,,,,,,,,,
P-6943,경기도 고양시 일산동구 장항동 1088,37.661392,126.753828,,,,,,,,,,,
P-6944,경기도 고양시 일산동구 장항동 898-1,37.65026105,126.7777559,,,,,,,,,,,
P-6945,경기도 고양시 일산동구 백석동 1324,37.63992792,126.7861717,,,,,,,,,,,
P-7525,경기도 고양시 일산서구 주엽동 43,37.67194218,126.7710411,,,,,,,,,,,
P-7722,경기도 고양시 일산서구 대화동 2219,37.67614509,126.7461014,,,,,,,,,,,
P-7735,경기도 고양시 일산서구 대화동 2338,37.68455969,126.7505444,,,,,,,,,,,
P-7736,경기도 고양시 일산서구 대화동 1050-185,37.66606251,126.7564358,,,,,,,,,,,
P-7804,경기도 고양시 일산서구 법곳동 263-8,37.6600001,126.7254407,,,,,,,,,,,
SP-5A06,경기도 고양시 덕양구 내유동 431-7,37.71556258,126.8519554,,,,,,,,,,,
SP-5D03,경기도 고양시 덕양구 화정동 942,37.63400605,126.8261634,,,,,,,,,,,
SP-5D04,경기도 고양시 덕양구 화정동 1132,37.6282733926,126.8337590732,,,,,,,,,,,
SP-5H05,경기도 고양시 덕양구 행신동 929,37.62663419,126.83992,,,,,,,,,,,
SP-5H11,경기도 고양시 덕양구 행신동 1069,37.61945664,126.8504123,,,,,,,,,,,
SP-6107,경기도 고양시 일산동구 식사동 300-43,37.6849871,126.8138307,,,,,,,,,,,
SP-6112,경기도 고양시 일산동구 식사동 679-24,37.6792561,126.8120617,,,,,,,,,,,
SP-7104,경기도 고양시 일산서구 일산동 600-105,37.6893589,126.7697777,,,,,,,,,,,
SP-7224,경기도 고양시 일산서구 일산동 580-3,37.68773078,126.7749572,,,,,,,,,,,
P-5207,경기도 고양시 덕양구 신원동 677,37.6596075947,126.8847582960,,,,,,,,,,,
P-5314,경기도 고양시 덕양구 원흥동 628-1,37.6491712818,126.8737041261,,,,,,,,,,,
P-5315,경기도 고양시 덕양구 삼송동 334,37.64872373,126.8774365,,,,,,,,,,,
P-5316,경기도 고양시 덕양구 원흥동 629,37.6497902,126.8749647,,,,,,,,,,,
P-5706,경기도 고양시 덕양구 삼송동 30-55,37.6531068,126.8931898,,,,,,,,,,,
P-5707,경기도 고양시 덕양구 삼송동 21-13,37.653608,126.8956163,,,,,,,,,,,
P-5801,경기도 고양시 덕양구 동산동 360,37.64551107,126.8865439,,,,,,,,,,,
P-5802,경기도 고양시 덕양구 동산동 352,37.64485036,126.8861586,,,,,,,,,,,
P-5803,경기도 고양시 덕양구 동산동 368-3,37.64831721,126.8932376,,,,,,,,,,,
P-5804,경기도 고양시 덕양구 동산동 370,37.64697712,126.8947781,,,,,,,,,,,
P-5C22,경기도 고양시 덕양구 화정동 1119,37.62949596,126.831513,,,,,,,,,,,
P-6523,경기도 고양시 일산동구 백석동 1538,37.64316083,126.7881716,,,,,,,,,,,
P-6524,경기도 고양시 일산동구 백석동 1541,37.64418419,126.7921215,,,,,,,,,,,
P-6525,경기도 고양시 일산동구 백석동 1237,37.64407121,126.792801,,,,,,,,,,,
P-6526,경기도 고양시 일산동구 백석동 1237,37.64407121,126.792801,,,,,,,,,,,
P-6527,경기도 고양시 일산동구 백석동 1515,37.64381593,126.785693,,,,,,,,,,,
P-7113,경기도 고양시 일산서구 일산동 655-17,37.6834061,126.7686663,,,,,,,,,,,
P-7733,경기도 고양시 일산서구 대화동 2600-6,37.66733286,126.7482931,,,,,,,,,,,
P-7734,경기도 고양시 일산서구 대화동 2600-6,37.66733286,126.7482931,,,,,,,,,,,
SP-5223,경기도 고양시 덕양구 신원동 673-1 (신원초등학교),37.6682493858,126.8855474909,,,,,,,,,,,
SP-5311,경기도 고양시 일산서구 도내동 1107,37.6271999,126.8716496,,,,,,,,,,,
SP-5316,경기도 고양시 덕양구 원흥동 698,37.65367944,126.8827066,,,,,,,,,,,
SP-5743,경기도 고양시 덕양구 오금동 596,37.66150986,126.8967765,,,,,,,,,,,
SP-5806,경기도 고양시 덕양구 동산동 359,37.64638623,126.886583,,,,,,,,,,,
SP-5H37,경기도 고양시 덕양구 행신동 1073,37.6191903339,126.8490854471,,,,,,,,,,,
SP-7424,경기도 고양시 일산서구 탄현동 1481,37.69509616,126.7706128,,,,,,,,,,,
P-5311,경기도 고양시 덕양구 도내동 1005,37.6286939,126.864516,,,,,,,,,,,
P-5312,경기도 고양시 덕양구 도내동 527-6,37.62839235,126.8621326,,,,,,,,,,,
P-5313,경기도 고양시 덕양구 도내동 938-2,37.6269764,126.865004,,,,,,,,,,,
P-5805,경기도 고양시 덕양구 동산동 370,37.64697712,126.8947781,,,,,,,,,,,
P-5806,경기도 고양시 덕양구 동산동 370,37.64697712,126.8947781,,,,,,,,,,,
P-5C23,경기도 고양시 덕양구 화정동 1156,37.62748043,126.8297018,,,,,,,,,,,
P-5C24,경기도 고양시 덕양구 화정동 956,37.63741481,126.8335867,,,,,,,,,,,
P-5305,경기도 고양시 덕양구 원흥동 675,37.6541995,126.8823957,,,,,,,,,,,
P-5307,경기도 고양시 덕양구 원흥동 693,37.6531124,126.8792691,,,,,,,,,,,
P-5308,경기도 고양시 덕양구 원흥동 629,37.6497902,126.8749647,,,,,,,,,,,
P-5309,경기도 고양시 덕양구 원흥동 137-6,37.6509207,126.8733073,,,,,,,,,,,
P-5310,경기도 고양시 덕양구 원흥동 682,37.65029354,126.8677711,,,,,,,,,,,
P-5701,경기도 고양시 덕양구 삼송동 389,37.65040439,126.8848275,,,,,,,,,,,
P-5702,경기도 고양시 덕양구 동산동 369,37.6490641128,126.8969750224,,,,,,,,,,,
P-5703,경기도 고양시 덕양구 삼송동 109-16,37.6510916,126.8847092,,,,,,,,,,,
P-5704,경기도 고양시 덕양구 삼송동 320,37.64830705,126.8848753,,,,,,,,,,,
P-5705,경기도 고양시 덕양구 삼송동 377,37.64559342,126.8773933,,,,,,,,,,,
P-5406,경기도 고양시 덕양구 성사동 875-3,37.6600505071,126.8398025221,,,,,,,,,,,
P-7408,경기도 고양시 일산서구 탄현동 1563-7,37.69105087,126.7624158,,,,,,,,,,,
P-7409,경기도 고양시 일산서구 탄현동 1476,37.69767353,126.7667732,,,,,,,,,,,
P-7721,경기도 고양시 일산서구 대화동 759-4,37.6719428,126.7369957,,,,,,,,,,,
P-6947,경기도 고양시 일산동구 장항동 1764,37.66316694,126.750651,,,,,,,,,,,
P-7407,경기도 고양시 일산서구 탄현동 1527,37.68991634,126.7619689,,,,,,,,,,,
P-7110,경기도 고양시 일산서구 일산동 617-117,37.68610483,126.770662,,,,,,,,,,,
P-7109,경기도 고양시 일산서구 일산동 555-1,37.68523967,126.7772371,,,,,,,,,,,
